tarifa;gorjeta;total;vendor_id;nome
18606781.079995;718470.599999935;19549084.2799949;CMT;"""Creative Mobile Technologies"
17407211.319995;825853.959999968;19043433.9999966;VTS;VeriFone Inc
2503647.16;89835.5199999998;2714901.72000001;DDS;"""Dependable Driver Service"
43.6;0;45.6;TS;Total Solutions Co
